fname,label
/mnt/store/data/assets/black-grouper/data/training/spec/all-wave-samples_snr-1-whole/call-0/clean/sample-1982.png,0
/mnt/store/data/assets/black-grouper/data/training/spec/all-wave-samples_snr-1-whole/call-0/clean/sample-4305.png,0
/mnt/store/data/assets/black-grouper/data/training/spec/all-wave-samples_snr-1-whole/call-0/sample-20242.png,0
/mnt/store/data/assets/black-grouper/data/training/spec/all-wave-samples_snr-1-whole/call-0/clean/sample-7427.png,0
/mnt/store/data/assets/black-grouper/data/training/spec/all-wave-samples_snr-1-whole/call-0/sample-1478.png,0
/mnt/store/data/assets/black-grouper/data/training/spec/all-wave-samples_snr-1-whole/call-0/clean/sample-1074.png,0
/mnt/store/data/assets/black-grouper/data/training/spec/all-wave-samples_snr-1-whole/call-0/sample-1525.png,0
/mnt/store/data/assets/black-grouper/data/training/spec/all-wave-samples_snr-1-whole/call-0/clean/sample-15416.png,0
/mnt/store/data/assets/black-grouper/data/training/spec/all-wave-samples_snr-1-whole/call-0/clean/sample-3890.png,0
/mnt/store/data/assets/black-grouper/data/training/spec/all-wave-samples_snr-1-whole/call-0/clean/sample-1627.png,0
/mnt/store/data/assets/black-grouper/data/training/spec/all-wave-samples_snr-1-whole/call-0/sample-13931.png,0
/mnt/store/data/assets/black-grouper/data/training/spec/all-wave-samples_snr-1-whole/call-0/clean/sample-14372.png,0
/mnt/store/data/assets/black-grouper/data/training/spec/all-wave-samples_snr-1-whole/call-0/clean/sample-15329.png,0
/mnt/store/data/assets/black-grouper/data/training/spec/all-wave-samples_snr-1-whole/call-0/clean/sample-15611.png,0
/mnt/store/data/assets/black-grouper/data/training/spec/all-wave-samples_snr-1-whole/call-0/clean/sample-7134.png,0
/mnt/store/data/assets/black-grouper/data/training/spec/all-wave-samples_snr-1-whole/call-0/clean/sample-15791.png,0
/mnt/store/data/assets/black-grouper/data/training/spec/all-wave-samples_snr-1-whole/call-0/clean/sample-1274.png,0
/mnt/store/data/assets/black-grouper/data/training/spec/all-wave-samples_snr-1-whole/call-0/clean/sample-7140.png,0
/mnt/store/data/assets/black-grouper/data/training/spec/all-wave-samples_snr-1-whole/call-0/sample-14606.png,0
/mnt/store/data/assets/black-grouper/data/training/spec/all-wave-samples_snr-1-whole/call-0/clean/sample-15613.png,0
/mnt/store/data/assets/black-grouper/data/training/spec/all-wave-samples_snr-1-whole/call-0/clean/sample-6841.png,0
/mnt/store/data/assets/black-grouper/data/training/spec/all-wave-samples_snr-1-whole/call-0/clean/sample-15251.png,0
/mnt/store/data/assets/black-grouper/data/training/spec/all-wave-samples_snr-1-whole/call-0/clean/sample-20256.png,0
/mnt/store/data/assets/black-grouper/data/training/spec/all-wave-samples_snr-1-whole/call-0/clean/sample-3907.png,0
/mnt/store/data/assets/black-grouper/data/training/spec/all-wave-samples_snr-1-whole/call-0/sample-14557.png,0
/mnt/store/data/assets/black-grouper/data/training/spec/all-wave-samples_snr-1-whole/call-0/clean/sample-7023.png,0
/mnt/store/data/assets/black-grouper/data/training/spec/all-wave-samples_snr-1-whole/call-0/sample-13997.png,0
/mnt/store/data/assets/black-grouper/data/training/spec/all-wave-samples_snr-1-whole/call-0/clean/sample-1997.png,0
/mnt/store/data/assets/black-grouper/data/training/spec/all-wave-samples_snr-1-whole/call-0/clean/sample-7599.png,0
/mnt/store/data/assets/black-grouper/data/training/spec/all-wave-samples_snr-1-whole/call-0/sample-1130.png,0
/mnt/store/data/assets/black-grouper/data/training/spec/all-wave-samples_snr-1-whole/call-0/clean/sample-7376.png,0
/mnt/store/data/assets/black-grouper/data/training/spec/all-wave-samples_snr-1-whole/call-0/clean/sample-4255.png,0
/mnt/store/data/assets/black-grouper/data/training/spec/all-wave-samples_snr-1-whole/call-0/clean/sample-14875.png,0
/mnt/store/data/assets/black-grouper/data/training/spec/all-wave-samples_snr-1-whole/call-0/sample-15367.png,0
/mnt/store/data/assets/black-grouper/data/training/spec/all-wave-samples_snr-1-whole/call-0/clean/sample-2093.png,0
/mnt/store/data/assets/black-grouper/data/training/spec/all-wave-samples_snr-1-whole/call-0/clean/sample-1320.png,0
/mnt/store/data/assets/black-grouper/data/training/spec/all-wave-samples_snr-1-whole/call-0/clean/sample-15659.png,0
/mnt/store/data/assets/black-grouper/data/training/spec/all-wave-samples_snr-1-whole/call-0/sample-15704.png,0
/mnt/store/data/assets/black-grouper/data/training/spec/all-wave-samples_snr-1-whole/call-0/clean/sample-3794.png,0
/mnt/store/data/assets/black-grouper/data/training/spec/all-wave-samples_snr-1-whole/call-0/clean/sample-6806.png,0
/mnt/store/data/assets/black-grouper/data/training/spec/all-wave-samples_snr-1-whole/call-0/sample-1035.png,0
/mnt/store/data/assets/black-grouper/data/training/spec/all-wave-samples_snr-1-whole/call-0/sample-3745.png,0
/mnt/store/data/assets/black-grouper/data/training/spec/all-wave-samples_snr-1-whole/call-0/sample-2068.png,0
/mnt/store/data/assets/black-grouper/data/training/spec/all-wave-samples_snr-1-whole/call-0/clean/sample-13909.png,0
/mnt/store/data/assets/black-grouper/data/training/spec/all-wave-samples_snr-1-whole/call-0/clean/sample-7084.png,0
/mnt/store/data/assets/black-grouper/data/training/spec/all-wave-samples_snr-1-whole/call-0/clean/sample-2040.png,0
/mnt/store/data/assets/black-grouper/data/training/spec/all-wave-samples_snr-1-whole/call-0/sample-14375.png,0
/mnt/store/data/assets/black-grouper/data/training/spec/all-wave-samples_snr-1-whole/call-0/clean/sample-1582.png,0
/mnt/store/data/assets/black-grouper/data/training/spec/all-wave-samples_snr-1-whole/call-0/clean/sample-14871.png,0
/mnt/store/data/assets/black-grouper/data/training/spec/all-wave-samples_snr-1-whole/call-0/clean/sample-1636.png,0
/mnt/store/data/assets/black-grouper/data/training/spec/all-wave-samples_snr-1-whole/call-1/clean/sample-2917.png,1
/mnt/store/data/assets/black-grouper/data/training/spec/all-wave-samples_snr-1-whole/call-1/clean/sample-0962.png,1
/mnt/store/data/assets/black-grouper/data/training/spec/all-wave-samples_snr-1-whole/call-1/clean/sample-2242.png,1
/mnt/store/data/assets/black-grouper/data/training/spec/all-wave-samples_snr-1-whole/call-1/clean/sample-17159.png,1
/mnt/store/data/assets/black-grouper/data/training/spec/all-wave-samples_snr-1-whole/call-1/clean/sample-0250.png,1
/mnt/store/data/assets/black-grouper/data/training/spec/all-wave-samples_snr-1-whole/call-1/clean/sample-0002.png,1
/mnt/store/data/assets/black-grouper/data/training/spec/all-wave-samples_snr-1-whole/call-1/clean/sample-2587.png,1
/mnt/store/data/assets/black-grouper/data/training/spec/all-wave-samples_snr-1-whole/call-1/clean/sample-3377.png,1
/mnt/store/data/assets/black-grouper/data/training/spec/all-wave-samples_snr-1-whole/call-1/clean/sample-0951.png,1
/mnt/store/data/assets/black-grouper/data/training/spec/all-wave-samples_snr-1-whole/call-1/clean/sample-0404.png,1
/mnt/store/data/assets/black-grouper/data/training/spec/all-wave-samples_snr-1-whole/call-1/clean/sample-3637.png,1
/mnt/store/data/assets/black-grouper/data/training/spec/all-wave-samples_snr-1-whole/call-1/clean/sample-3211.png,1
/mnt/store/data/assets/black-grouper/data/training/spec/all-wave-samples_snr-1-whole/call-1/clean/sample-2942.png,1
/mnt/store/data/assets/black-grouper/data/training/spec/all-wave-samples_snr-1-whole/call-1/clean/sample-2464.png,1
/mnt/store/data/assets/black-grouper/data/training/spec/all-wave-samples_snr-1-whole/call-1/clean/sample-3333.png,1
/mnt/store/data/assets/black-grouper/data/training/spec/all-wave-samples_snr-1-whole/call-1/clean/sample-3377.png,1
/mnt/store/data/assets/black-grouper/data/training/spec/all-wave-samples_snr-1-whole/call-1/clean/sample-2516.png,1
/mnt/store/data/assets/black-grouper/data/training/spec/all-wave-samples_snr-1-whole/call-1/clean/sample-3631.png,1
/mnt/store/data/assets/black-grouper/data/training/spec/all-wave-samples_snr-1-whole/call-1/clean/sample-2574.png,1
/mnt/store/data/assets/black-grouper/data/training/spec/all-wave-samples_snr-1-whole/call-1/clean/sample-2516.png,1
/mnt/store/data/assets/black-grouper/data/training/spec/all-wave-samples_snr-1-whole/call-1/clean/sample-2242.png,1
/mnt/store/data/assets/black-grouper/data/training/spec/all-wave-samples_snr-1-whole/call-1/clean/sample-0402.png,1
/mnt/store/data/assets/black-grouper/data/training/spec/all-wave-samples_snr-1-whole/call-1/clean/sample-0250.png,1
/mnt/store/data/assets/black-grouper/data/training/spec/all-wave-samples_snr-1-whole/call-1/clean/sample-2593.png,1
/mnt/store/data/assets/black-grouper/data/training/spec/all-wave-samples_snr-1-whole/call-1/clean/sample-3233.png,1
/mnt/store/data/assets/black-grouper/data/training/spec/all-wave-samples_snr-1-whole/call-1/clean/sample-2856.png,1
/mnt/store/data/assets/black-grouper/data/training/spec/all-wave-samples_snr-1-whole/call-1/clean/sample-2587.png,1
/mnt/store/data/assets/black-grouper/data/training/spec/all-wave-samples_snr-1-whole/call-1/clean/sample-2516.png,1
/mnt/store/data/assets/black-grouper/data/training/spec/all-wave-samples_snr-1-whole/call-1/clean/sample-2574.png,1
/mnt/store/data/assets/black-grouper/data/training/spec/all-wave-samples_snr-1-whole/call-1/clean/sample-3377.png,1
/mnt/store/data/assets/black-grouper/data/training/spec/all-wave-samples_snr-1-whole/call-1/clean/sample-2307.png,1
/mnt/store/data/assets/black-grouper/data/training/spec/all-wave-samples_snr-1-whole/call-1/clean/sample-3365.png,1
/mnt/store/data/assets/black-grouper/data/training/spec/all-wave-samples_snr-1-whole/call-1/clean/sample-17159.png,1
/mnt/store/data/assets/black-grouper/data/training/spec/all-wave-samples_snr-1-whole/call-1/clean/sample-3383.png,1
/mnt/store/data/assets/black-grouper/data/training/spec/all-wave-samples_snr-1-whole/call-1/clean/sample-3637.png,1
/mnt/store/data/assets/black-grouper/data/training/spec/all-wave-samples_snr-1-whole/call-1/clean/sample-3355.png,1
/mnt/store/data/assets/black-grouper/data/training/spec/all-wave-samples_snr-1-whole/call-1/clean/sample-0831.png,1
/mnt/store/data/assets/black-grouper/data/training/spec/all-wave-samples_snr-1-whole/call-1/clean/sample-3365.png,1
/mnt/store/data/assets/black-grouper/data/training/spec/all-wave-samples_snr-1-whole/call-1/clean/sample-3587.png,1
/mnt/store/data/assets/black-grouper/data/training/spec/all-wave-samples_snr-1-whole/call-1/clean/sample-3333.png,1
/mnt/store/data/assets/black-grouper/data/training/spec/all-wave-samples_snr-1-whole/call-1/clean/sample-2949.png,1
/mnt/store/data/assets/black-grouper/data/training/spec/all-wave-samples_snr-1-whole/call-1/clean/sample-3645.png,1
/mnt/store/data/assets/black-grouper/data/training/spec/all-wave-samples_snr-1-whole/call-1/clean/sample-2465.png,1
/mnt/store/data/assets/black-grouper/data/training/spec/all-wave-samples_snr-1-whole/call-1/clean/sample-0172.png,1
/mnt/store/data/assets/black-grouper/data/training/spec/all-wave-samples_snr-1-whole/call-1/clean/sample-17102.png,1
/mnt/store/data/assets/black-grouper/data/training/spec/all-wave-samples_snr-1-whole/call-1/clean/sample-3586.png,1
/mnt/store/data/assets/black-grouper/data/training/spec/all-wave-samples_snr-1-whole/call-1/clean/sample-17102.png,1
/mnt/store/data/assets/black-grouper/data/training/spec/all-wave-samples_snr-1-whole/call-1/clean/sample-2487.png,1
/mnt/store/data/assets/black-grouper/data/training/spec/all-wave-samples_snr-1-whole/call-1/clean/sample-3377.png,1
/mnt/store/data/assets/black-grouper/data/training/spec/all-wave-samples_snr-1-whole/call-1/clean/sample-3646.png,1
/mnt/store/data/assets/black-grouper/data/training/spec/all-wave-samples_snr-1-whole/call-2/clean/sample-3682.png,2
/mnt/store/data/assets/black-grouper/data/training/spec/all-wave-samples_snr-1-whole/call-2/clean/sample-3624.png,2
/mnt/store/data/assets/black-grouper/data/training/spec/all-wave-samples_snr-1-whole/call-2/clean/sample-3655.png,2
/mnt/store/data/assets/black-grouper/data/training/spec/all-wave-samples_snr-1-whole/call-2/clean/sample-2990.png,2
/mnt/store/data/assets/black-grouper/data/training/spec/all-wave-samples_snr-1-whole/call-2/clean/sample-3091.png,2
/mnt/store/data/assets/black-grouper/data/training/spec/all-wave-samples_snr-1-whole/call-2/clean/sample-2834.png,2
/mnt/store/data/assets/black-grouper/data/training/spec/all-wave-samples_snr-1-whole/call-2/clean/sample-3091.png,2
/mnt/store/data/assets/black-grouper/data/training/spec/all-wave-samples_snr-1-whole/call-2/clean/sample-2260.png,2
/mnt/store/data/assets/black-grouper/data/training/spec/all-wave-samples_snr-1-whole/call-2/clean/sample-3091.png,2
/mnt/store/data/assets/black-grouper/data/training/spec/all-wave-samples_snr-1-whole/call-2/clean/sample-0445.png,2
/mnt/store/data/assets/black-grouper/data/training/spec/all-wave-samples_snr-1-whole/call-2/clean/sample-2834.png,2
/mnt/store/data/assets/black-grouper/data/training/spec/all-wave-samples_snr-1-whole/call-2/clean/sample-2431.png,2
/mnt/store/data/assets/black-grouper/data/training/spec/all-wave-samples_snr-1-whole/call-2/clean/sample-2431.png,2
/mnt/store/data/assets/black-grouper/data/training/spec/all-wave-samples_snr-1-whole/call-2/clean/sample-2145.png,2
/mnt/store/data/assets/black-grouper/data/training/spec/all-wave-samples_snr-1-whole/call-2/clean/sample-2702.png,2
/mnt/store/data/assets/black-grouper/data/training/spec/all-wave-samples_snr-1-whole/call-2/clean/sample-3665.png,2
/mnt/store/data/assets/black-grouper/data/training/spec/all-wave-samples_snr-1-whole/call-2/clean/sample-2157.png,2
/mnt/store/data/assets/black-grouper/data/training/spec/all-wave-samples_snr-1-whole/call-2/clean/sample-2997.png,2
/mnt/store/data/assets/black-grouper/data/training/spec/all-wave-samples_snr-1-whole/call-2/clean/sample-3603.png,2
/mnt/store/data/assets/black-grouper/data/training/spec/all-wave-samples_snr-1-whole/call-2/clean/sample-2145.png,2
/mnt/store/data/assets/black-grouper/data/training/spec/all-wave-samples_snr-1-whole/call-2/clean/sample-3665.png,2
/mnt/store/data/assets/black-grouper/data/training/spec/all-wave-samples_snr-1-whole/call-2/clean/sample-3316.png,2
/mnt/store/data/assets/black-grouper/data/training/spec/all-wave-samples_snr-1-whole/call-2/clean/sample-2834.png,2
/mnt/store/data/assets/black-grouper/data/training/spec/all-wave-samples_snr-1-whole/call-2/clean/sample-2431.png,2
/mnt/store/data/assets/black-grouper/data/training/spec/all-wave-samples_snr-1-whole/call-2/clean/sample-3313.png,2
/mnt/store/data/assets/black-grouper/data/training/spec/all-wave-samples_snr-1-whole/call-2/clean/sample-3313.png,2
/mnt/store/data/assets/black-grouper/data/training/spec/all-wave-samples_snr-1-whole/call-2/clean/sample-2548.png,2
/mnt/store/data/assets/black-grouper/data/training/spec/all-wave-samples_snr-1-whole/call-2/clean/sample-0445.png,2
/mnt/store/data/assets/black-grouper/data/training/spec/all-wave-samples_snr-1-whole/call-2/clean/sample-3316.png,2
/mnt/store/data/assets/black-grouper/data/training/spec/all-wave-samples_snr-1-whole/call-2/clean/sample-2431.png,2
/mnt/store/data/assets/black-grouper/data/training/spec/all-wave-samples_snr-1-whole/call-2/clean/sample-1011.png,2
/mnt/store/data/assets/black-grouper/data/training/spec/all-wave-samples_snr-1-whole/call-2/clean/sample-2834.png,2
/mnt/store/data/assets/black-grouper/data/training/spec/all-wave-samples_snr-1-whole/call-2/clean/sample-0445.png,2
/mnt/store/data/assets/black-grouper/data/training/spec/all-wave-samples_snr-1-whole/call-2/clean/sample-0553.png,2
/mnt/store/data/assets/black-grouper/data/training/spec/all-wave-samples_snr-1-whole/call-2/clean/sample-2145.png,2
/mnt/store/data/assets/black-grouper/data/training/spec/all-wave-samples_snr-1-whole/call-2/clean/sample-3624.png,2
/mnt/store/data/assets/black-grouper/data/training/spec/all-wave-samples_snr-1-whole/call-2/clean/sample-2260.png,2
/mnt/store/data/assets/black-grouper/data/training/spec/all-wave-samples_snr-1-whole/call-2/clean/sample-3091.png,2
/mnt/store/data/assets/black-grouper/data/training/spec/all-wave-samples_snr-1-whole/call-2/clean/sample-0447.png,2
/mnt/store/data/assets/black-grouper/data/training/spec/all-wave-samples_snr-1-whole/call-2/clean/sample-3682.png,2
/mnt/store/data/assets/black-grouper/data/training/spec/all-wave-samples_snr-1-whole/call-2/clean/sample-3624.png,2
/mnt/store/data/assets/black-grouper/data/training/spec/all-wave-samples_snr-1-whole/call-2/clean/sample-0447.png,2
/mnt/store/data/assets/black-grouper/data/training/spec/all-wave-samples_snr-1-whole/call-2/clean/sample-3316.png,2
/mnt/store/data/assets/black-grouper/data/training/spec/all-wave-samples_snr-1-whole/call-2/clean/sample-2145.png,2
/mnt/store/data/assets/black-grouper/data/training/spec/all-wave-samples_snr-1-whole/call-2/clean/sample-2145.png,2
/mnt/store/data/assets/black-grouper/data/training/spec/all-wave-samples_snr-1-whole/call-2/clean/sample-3603.png,2
/mnt/store/data/assets/black-grouper/data/training/spec/all-wave-samples_snr-1-whole/call-2/clean/sample-3665.png,2
/mnt/store/data/assets/black-grouper/data/training/spec/all-wave-samples_snr-1-whole/call-2/clean/sample-2997.png,2
/mnt/store/data/assets/black-grouper/data/training/spec/all-wave-samples_snr-1-whole/call-2/clean/sample-2548.png,2
/mnt/store/data/assets/black-grouper/data/training/spec/all-wave-samples_snr-1-whole/call-2/clean/sample-2431.png,2
/mnt/store/data/assets/black-grouper/data/training/spec/all-wave-samples_snr-1-whole/call-3/clean/sample-3208.png,3
/mnt/store/data/assets/black-grouper/data/training/spec/all-wave-samples_snr-1-whole/call-3/clean/sample-0430.png,3
/mnt/store/data/assets/black-grouper/data/training/spec/all-wave-samples_snr-1-whole/call-3/clean/sample-2154.png,3
/mnt/store/data/assets/black-grouper/data/training/spec/all-wave-samples_snr-1-whole/call-3/clean/sample-0626.png,3
/mnt/store/data/assets/black-grouper/data/training/spec/all-wave-samples_snr-1-whole/call-3/clean/sample-0347.png,3
/mnt/store/data/assets/black-grouper/data/training/spec/all-wave-samples_snr-1-whole/call-3/clean/sample-3245.png,3
/mnt/store/data/assets/black-grouper/data/training/spec/all-wave-samples_snr-1-whole/call-3/clean/sample-0882.png,3
/mnt/store/data/assets/black-grouper/data/training/spec/all-wave-samples_snr-1-whole/call-3/clean/sample-2774.png,3
/mnt/store/data/assets/black-grouper/data/training/spec/all-wave-samples_snr-1-whole/call-3/clean/sample-0344.png,3
/mnt/store/data/assets/black-grouper/data/training/spec/all-wave-samples_snr-1-whole/call-3/clean/sample-3353.png,3
/mnt/store/data/assets/black-grouper/data/training/spec/all-wave-samples_snr-1-whole/call-3/clean/sample-0215.png,3
/mnt/store/data/assets/black-grouper/data/training/spec/all-wave-samples_snr-1-whole/call-3/clean/sample-0347.png,3
/mnt/store/data/assets/black-grouper/data/training/spec/all-wave-samples_snr-1-whole/call-3/clean/sample-2584.png,3
/mnt/store/data/assets/black-grouper/data/training/spec/all-wave-samples_snr-1-whole/call-3/clean/sample-0220.png,3
/mnt/store/data/assets/black-grouper/data/training/spec/all-wave-samples_snr-1-whole/call-3/clean/sample-0365.png,3
/mnt/store/data/assets/black-grouper/data/training/spec/all-wave-samples_snr-1-whole/call-3/clean/sample-0361.png,3
/mnt/store/data/assets/black-grouper/data/training/spec/all-wave-samples_snr-1-whole/call-3/clean/sample-3260.png,3
/mnt/store/data/assets/black-grouper/data/training/spec/all-wave-samples_snr-1-whole/call-3/clean/sample-3267.png,3
/mnt/store/data/assets/black-grouper/data/training/spec/all-wave-samples_snr-1-whole/call-3/clean/sample-17104.png,3
/mnt/store/data/assets/black-grouper/data/training/spec/all-wave-samples_snr-1-whole/call-3/clean/sample-0337.png,3
/mnt/store/data/assets/black-grouper/data/training/spec/all-wave-samples_snr-1-whole/call-3/clean/sample-2133.png,3
/mnt/store/data/assets/black-grouper/data/training/spec/all-wave-samples_snr-1-whole/call-3/clean/sample-3487.png,3
/mnt/store/data/assets/black-grouper/data/training/spec/all-wave-samples_snr-1-whole/call-3/clean/sample-2996.png,3
/mnt/store/data/assets/black-grouper/data/training/spec/all-wave-samples_snr-1-whole/call-3/clean/sample-17156.png,3
/mnt/store/data/assets/black-grouper/data/training/spec/all-wave-samples_snr-1-whole/call-3/clean/sample-0811.png,3
/mnt/store/data/assets/black-grouper/data/training/spec/all-wave-samples_snr-1-whole/call-3/clean/sample-0851.png,3
/mnt/store/data/assets/black-grouper/data/training/spec/all-wave-samples_snr-1-whole/call-3/clean/sample-3668.png,3
/mnt/store/data/assets/black-grouper/data/training/spec/all-wave-samples_snr-1-whole/call-3/clean/sample-3531.png,3
/mnt/store/data/assets/black-grouper/data/training/spec/all-wave-samples_snr-1-whole/call-3/clean/sample-19992.png,3
/mnt/store/data/assets/black-grouper/data/training/spec/all-wave-samples_snr-1-whole/call-3/clean/sample-2339.png,3
/mnt/store/data/assets/black-grouper/data/training/spec/all-wave-samples_snr-1-whole/call-3/clean/sample-2752.png,3
/mnt/store/data/assets/black-grouper/data/training/spec/all-wave-samples_snr-1-whole/call-3/clean/sample-3289.png,3
/mnt/store/data/assets/black-grouper/data/training/spec/all-wave-samples_snr-1-whole/call-3/clean/sample-2698.png,3
/mnt/store/data/assets/black-grouper/data/training/spec/all-wave-samples_snr-1-whole/call-3/clean/sample-0435.png,3
/mnt/store/data/assets/black-grouper/data/training/spec/all-wave-samples_snr-1-whole/call-3/clean/sample-3353.png,3
/mnt/store/data/assets/black-grouper/data/training/spec/all-wave-samples_snr-1-whole/call-3/clean/sample-2819.png,3
/mnt/store/data/assets/black-grouper/data/training/spec/all-wave-samples_snr-1-whole/call-3/clean/sample-17072.png,3
/mnt/store/data/assets/black-grouper/data/training/spec/all-wave-samples_snr-1-whole/call-3/clean/sample-3538.png,3
/mnt/store/data/assets/black-grouper/data/training/spec/all-wave-samples_snr-1-whole/call-3/clean/sample-0441.png,3
/mnt/store/data/assets/black-grouper/data/training/spec/all-wave-samples_snr-1-whole/call-3/clean/sample-2298.png,3
/mnt/store/data/assets/black-grouper/data/training/spec/all-wave-samples_snr-1-whole/call-3/clean/sample-2272.png,3
/mnt/store/data/assets/black-grouper/data/training/spec/all-wave-samples_snr-1-whole/call-3/clean/sample-14196.png,3
/mnt/store/data/assets/black-grouper/data/training/spec/all-wave-samples_snr-1-whole/call-3/clean/sample-3329.png,3
/mnt/store/data/assets/black-grouper/data/training/spec/all-wave-samples_snr-1-whole/call-3/clean/sample-0103.png,3
/mnt/store/data/assets/black-grouper/data/training/spec/all-wave-samples_snr-1-whole/call-3/clean/sample-3325.png,3
/mnt/store/data/assets/black-grouper/data/training/spec/all-wave-samples_snr-1-whole/call-3/clean/sample-17139.png,3
/mnt/store/data/assets/black-grouper/data/training/spec/all-wave-samples_snr-1-whole/call-3/clean/sample-2331.png,3
/mnt/store/data/assets/black-grouper/data/training/spec/all-wave-samples_snr-1-whole/call-3/clean/sample-2461.png,3
/mnt/store/data/assets/black-grouper/data/training/spec/all-wave-samples_snr-1-whole/call-3/clean/sample-3509.png,3
/mnt/store/data/assets/black-grouper/data/training/spec/all-wave-samples_snr-1-whole/call-3/clean/sample-2112.png,3
/mnt/store/data/assets/black-grouper/data/training/spec/all-wave-samples_snr-1-whole/call-8/clean/sample-0584.png,8
/mnt/store/data/assets/black-grouper/data/training/spec/all-wave-samples_snr-1-whole/call-8/clean/sample-0570.png,8
/mnt/store/data/assets/black-grouper/data/training/spec/all-wave-samples_snr-1-whole/call-8/clean/sample-0579.png,8
/mnt/store/data/assets/black-grouper/data/training/spec/all-wave-samples_snr-1-whole/call-8/clean/sample-0999.png,8
/mnt/store/data/assets/black-grouper/data/training/spec/all-wave-samples_snr-1-whole/call-8/clean/sample-0995.png,8
/mnt/store/data/assets/black-grouper/data/training/spec/all-wave-samples_snr-1-whole/call-8/clean/sample-0005.png,8
/mnt/store/data/assets/black-grouper/data/training/spec/all-wave-samples_snr-1-whole/call-8/clean/sample-0728.png,8
/mnt/store/data/assets/black-grouper/data/training/spec/all-wave-samples_snr-1-whole/call-8/clean/sample-0999.png,8
/mnt/store/data/assets/black-grouper/data/training/spec/all-wave-samples_snr-1-whole/call-8/clean/sample-0584.png,8
/mnt/store/data/assets/black-grouper/data/training/spec/all-wave-samples_snr-1-whole/call-8/clean/sample-0581.png,8
/mnt/store/data/assets/black-grouper/data/training/spec/all-wave-samples_snr-1-whole/call-8/clean/sample-0579.png,8
/mnt/store/data/assets/black-grouper/data/training/spec/all-wave-samples_snr-1-whole/call-8/clean/sample-0918.png,8
/mnt/store/data/assets/black-grouper/data/training/spec/all-wave-samples_snr-1-whole/call-8/clean/sample-0579.png,8
/mnt/store/data/assets/black-grouper/data/training/spec/all-wave-samples_snr-1-whole/call-8/clean/sample-0004.png,8
/mnt/store/data/assets/black-grouper/data/training/spec/all-wave-samples_snr-1-whole/call-8/clean/sample-0995.png,8
/mnt/store/data/assets/black-grouper/data/training/spec/all-wave-samples_snr-1-whole/call-8/clean/sample-0581.png,8
/mnt/store/data/assets/black-grouper/data/training/spec/all-wave-samples_snr-1-whole/call-8/clean/sample-0585.png,8
/mnt/store/data/assets/black-grouper/data/training/spec/all-wave-samples_snr-1-whole/call-8/clean/sample-0576.png,8
/mnt/store/data/assets/black-grouper/data/training/spec/all-wave-samples_snr-1-whole/call-8/clean/sample-0004.png,8
/mnt/store/data/assets/black-grouper/data/training/spec/all-wave-samples_snr-1-whole/call-8/clean/sample-0585.png,8
/mnt/store/data/assets/black-grouper/data/training/spec/all-wave-samples_snr-1-whole/call-8/clean/sample-0368.png,8
/mnt/store/data/assets/black-grouper/data/training/spec/all-wave-samples_snr-1-whole/call-8/clean/sample-0246.png,8
/mnt/store/data/assets/black-grouper/data/training/spec/all-wave-samples_snr-1-whole/call-8/clean/sample-0576.png,8
/mnt/store/data/assets/black-grouper/data/training/spec/all-wave-samples_snr-1-whole/call-8/clean/sample-0997.png,8
/mnt/store/data/assets/black-grouper/data/training/spec/all-wave-samples_snr-1-whole/call-8/clean/sample-0918.png,8
/mnt/store/data/assets/black-grouper/data/training/spec/all-wave-samples_snr-1-whole/call-8/clean/sample-0998.png,8
/mnt/store/data/assets/black-grouper/data/training/spec/all-wave-samples_snr-1-whole/call-8/clean/sample-0999.png,8
/mnt/store/data/assets/black-grouper/data/training/spec/all-wave-samples_snr-1-whole/call-8/clean/sample-0584.png,8
/mnt/store/data/assets/black-grouper/data/training/spec/all-wave-samples_snr-1-whole/call-8/clean/sample-0994.png,8
/mnt/store/data/assets/black-grouper/data/training/spec/all-wave-samples_snr-1-whole/call-8/clean/sample-0581.png,8
/mnt/store/data/assets/black-grouper/data/training/spec/all-wave-samples_snr-1-whole/call-8/clean/sample-0994.png,8
/mnt/store/data/assets/black-grouper/data/training/spec/all-wave-samples_snr-1-whole/call-8/clean/sample-0201.png,8
/mnt/store/data/assets/black-grouper/data/training/spec/all-wave-samples_snr-1-whole/call-8/clean/sample-0999.png,8
/mnt/store/data/assets/black-grouper/data/training/spec/all-wave-samples_snr-1-whole/call-8/clean/sample-0998.png,8
/mnt/store/data/assets/black-grouper/data/training/spec/all-wave-samples_snr-1-whole/call-8/clean/sample-0997.png,8
/mnt/store/data/assets/black-grouper/data/training/spec/all-wave-samples_snr-1-whole/call-8/clean/sample-0585.png,8
/mnt/store/data/assets/black-grouper/data/training/spec/all-wave-samples_snr-1-whole/call-8/clean/sample-0246.png,8
/mnt/store/data/assets/black-grouper/data/training/spec/all-wave-samples_snr-1-whole/call-8/clean/sample-0246.png,8
/mnt/store/data/assets/black-grouper/data/training/spec/all-wave-samples_snr-1-whole/call-8/clean/sample-0583.png,8
/mnt/store/data/assets/black-grouper/data/training/spec/all-wave-samples_snr-1-whole/call-8/clean/sample-0994.png,8
/mnt/store/data/assets/black-grouper/data/training/spec/all-wave-samples_snr-1-whole/call-8/clean/sample-0584.png,8
/mnt/store/data/assets/black-grouper/data/training/spec/all-wave-samples_snr-1-whole/call-8/clean/sample-0997.png,8
/mnt/store/data/assets/black-grouper/data/training/spec/all-wave-samples_snr-1-whole/call-8/clean/sample-1000.png,8
/mnt/store/data/assets/black-grouper/data/training/spec/all-wave-samples_snr-1-whole/call-8/clean/sample-0584.png,8
/mnt/store/data/assets/black-grouper/data/training/spec/all-wave-samples_snr-1-whole/call-8/clean/sample-1000.png,8
/mnt/store/data/assets/black-grouper/data/training/spec/all-wave-samples_snr-1-whole/call-8/clean/sample-0997.png,8
/mnt/store/data/assets/black-grouper/data/training/spec/all-wave-samples_snr-1-whole/call-8/clean/sample-1000.png,8
/mnt/store/data/assets/black-grouper/data/training/spec/all-wave-samples_snr-1-whole/call-8/clean/sample-0579.png,8
/mnt/store/data/assets/black-grouper/data/training/spec/all-wave-samples_snr-1-whole/call-8/clean/sample-0994.png,8
/mnt/store/data/assets/black-grouper/data/training/spec/all-wave-samples_snr-1-whole/call-8/clean/sample-0368.png,8
/mnt/store/data/assets/black-grouper/data/training/spec/all-wave-samples_snr-1-whole/call-9/clean/sample-17044.png,9
/mnt/store/data/assets/black-grouper/data/training/spec/all-wave-samples_snr-1-whole/call-9/clean/sample-15579.png,9
/mnt/store/data/assets/black-grouper/data/training/spec/all-wave-samples_snr-1-whole/call-9/clean/sample-15173.png,9
/mnt/store/data/assets/black-grouper/data/training/spec/all-wave-samples_snr-1-whole/call-9/clean/sample-19078.png,9
/mnt/store/data/assets/black-grouper/data/training/spec/all-wave-samples_snr-1-whole/call-9/clean/sample-12435.png,9
/mnt/store/data/assets/black-grouper/data/training/spec/all-wave-samples_snr-1-whole/call-9/clean/sample-13729.png,9
/mnt/store/data/assets/black-grouper/data/training/spec/all-wave-samples_snr-1-whole/call-9/clean/sample-20171.png,9
/mnt/store/data/assets/black-grouper/data/training/spec/all-wave-samples_snr-1-whole/call-9/clean/sample-13729.png,9
/mnt/store/data/assets/black-grouper/data/training/spec/all-wave-samples_snr-1-whole/call-9/clean/sample-20137.png,9
/mnt/store/data/assets/black-grouper/data/training/spec/all-wave-samples_snr-1-whole/call-9/clean/sample-12784.png,9
/mnt/store/data/assets/black-grouper/data/training/spec/all-wave-samples_snr-1-whole/call-9/clean/sample-12444.png,9
/mnt/store/data/assets/black-grouper/data/training/spec/all-wave-samples_snr-1-whole/call-9/clean/sample-14730.png,9
/mnt/store/data/assets/black-grouper/data/training/spec/all-wave-samples_snr-1-whole/call-9/clean/sample-13309.png,9
/mnt/store/data/assets/black-grouper/data/training/spec/all-wave-samples_snr-1-whole/call-9/clean/sample-20119.png,9
/mnt/store/data/assets/black-grouper/data/training/spec/all-wave-samples_snr-1-whole/call-9/clean/sample-12526.png,9
/mnt/store/data/assets/black-grouper/data/training/spec/all-wave-samples_snr-1-whole/call-9/clean/sample-12369.png,9
/mnt/store/data/assets/black-grouper/data/training/spec/all-wave-samples_snr-1-whole/call-9/clean/sample-12595.png,9
/mnt/store/data/assets/black-grouper/data/training/spec/all-wave-samples_snr-1-whole/call-9/clean/sample-12353.png,9
/mnt/store/data/assets/black-grouper/data/training/spec/all-wave-samples_snr-1-whole/call-9/clean/sample-20135.png,9
/mnt/store/data/assets/black-grouper/data/training/spec/all-wave-samples_snr-1-whole/call-9/clean/sample-16972.png,9
/mnt/store/data/assets/black-grouper/data/training/spec/all-wave-samples_snr-1-whole/call-9/clean/sample-14749.png,9
/mnt/store/data/assets/black-grouper/data/training/spec/all-wave-samples_snr-1-whole/call-9/clean/sample-20115.png,9
/mnt/store/data/assets/black-grouper/data/training/spec/all-wave-samples_snr-1-whole/call-9/clean/sample-12425.png,9
/mnt/store/data/assets/black-grouper/data/training/spec/all-wave-samples_snr-1-whole/call-9/clean/sample-13418.png,9
/mnt/store/data/assets/black-grouper/data/training/spec/all-wave-samples_snr-1-whole/call-9/clean/sample-14166.png,9
/mnt/store/data/assets/black-grouper/data/training/spec/all-wave-samples_snr-1-whole/call-9/clean/sample-20061.png,9
/mnt/store/data/assets/black-grouper/data/training/spec/all-wave-samples_snr-1-whole/call-9/clean/sample-18259.png,9
/mnt/store/data/assets/black-grouper/data/training/spec/all-wave-samples_snr-1-whole/call-9/clean/sample-12966.png,9
/mnt/store/data/assets/black-grouper/data/training/spec/all-wave-samples_snr-1-whole/call-9/clean/sample-19502.png,9
/mnt/store/data/assets/black-grouper/data/training/spec/all-wave-samples_snr-1-whole/call-9/clean/sample-12518.png,9
/mnt/store/data/assets/black-grouper/data/training/spec/all-wave-samples_snr-1-whole/call-9/clean/sample-13766.png,9
/mnt/store/data/assets/black-grouper/data/training/spec/all-wave-samples_snr-1-whole/call-9/clean/sample-12351.png,9
/mnt/store/data/assets/black-grouper/data/training/spec/all-wave-samples_snr-1-whole/call-9/clean/sample-12177.png,9
/mnt/store/data/assets/black-grouper/data/training/spec/all-wave-samples_snr-1-whole/call-9/clean/sample-18184.png,9
/mnt/store/data/assets/black-grouper/data/training/spec/all-wave-samples_snr-1-whole/call-9/clean/sample-12168.png,9
/mnt/store/data/assets/black-grouper/data/training/spec/all-wave-samples_snr-1-whole/call-9/clean/sample-12610.png,9
/mnt/store/data/assets/black-grouper/data/training/spec/all-wave-samples_snr-1-whole/call-9/clean/sample-12557.png,9
/mnt/store/data/assets/black-grouper/data/training/spec/all-wave-samples_snr-1-whole/call-9/clean/sample-12555.png,9
/mnt/store/data/assets/black-grouper/data/training/spec/all-wave-samples_snr-1-whole/call-9/clean/sample-12705.png,9
/mnt/store/data/assets/black-grouper/data/training/spec/all-wave-samples_snr-1-whole/call-9/clean/sample-12369.png,9
/mnt/store/data/assets/black-grouper/data/training/spec/all-wave-samples_snr-1-whole/call-9/clean/sample-15155.png,9
/mnt/store/data/assets/black-grouper/data/training/spec/all-wave-samples_snr-1-whole/call-9/clean/sample-20151.png,9
/mnt/store/data/assets/black-grouper/data/training/spec/all-wave-samples_snr-1-whole/call-9/clean/sample-12229.png,9
/mnt/store/data/assets/black-grouper/data/training/spec/all-wave-samples_snr-1-whole/call-9/clean/sample-12502.png,9
/mnt/store/data/assets/black-grouper/data/training/spec/all-wave-samples_snr-1-whole/call-9/clean/sample-18184.png,9
/mnt/store/data/assets/black-grouper/data/training/spec/all-wave-samples_snr-1-whole/call-9/clean/sample-13565.png,9
/mnt/store/data/assets/black-grouper/data/training/spec/all-wave-samples_snr-1-whole/call-9/clean/sample-13034.png,9
/mnt/store/data/assets/black-grouper/data/training/spec/all-wave-samples_snr-1-whole/call-9/clean/sample-19082.png,9
/mnt/store/data/assets/black-grouper/data/training/spec/all-wave-samples_snr-1-whole/call-9/clean/sample-12410.png,9
/mnt/store/data/assets/black-grouper/data/training/spec/all-wave-samples_snr-1-whole/call-9/clean/sample-12690.png,9
/mnt/store/data/assets/black-grouper/data/training/spec/all-wave-samples_snr-1-whole/call-10/clean/sample-12266.png,10
/mnt/store/data/assets/black-grouper/data/training/spec/all-wave-samples_snr-1-whole/call-10/clean/sample-12275.png,10
/mnt/store/data/assets/black-grouper/data/training/spec/all-wave-samples_snr-1-whole/call-10/clean/sample-13471.png,10
/mnt/store/data/assets/black-grouper/data/training/spec/all-wave-samples_snr-1-whole/call-10/clean/sample-12266.png,10
/mnt/store/data/assets/black-grouper/data/training/spec/all-wave-samples_snr-1-whole/call-10/clean/sample-12626.png,10
/mnt/store/data/assets/black-grouper/data/training/spec/all-wave-samples_snr-1-whole/call-10/clean/sample-12693.png,10
/mnt/store/data/assets/black-grouper/data/training/spec/all-wave-samples_snr-1-whole/call-10/clean/sample-14101.png,10
/mnt/store/data/assets/black-grouper/data/training/spec/all-wave-samples_snr-1-whole/call-10/clean/sample-15914.png,10
/mnt/store/data/assets/black-grouper/data/training/spec/all-wave-samples_snr-1-whole/call-10/clean/sample-13707.png,10
/mnt/store/data/assets/black-grouper/data/training/spec/all-wave-samples_snr-1-whole/call-10/clean/sample-13471.png,10
/mnt/store/data/assets/black-grouper/data/training/spec/all-wave-samples_snr-1-whole/call-10/clean/sample-12185.png,10
/mnt/store/data/assets/black-grouper/data/training/spec/all-wave-samples_snr-1-whole/call-10/clean/sample-13123.png,10
/mnt/store/data/assets/black-grouper/data/training/spec/all-wave-samples_snr-1-whole/call-10/clean/sample-20077.png,10
/mnt/store/data/assets/black-grouper/data/training/spec/all-wave-samples_snr-1-whole/call-10/clean/sample-12185.png,10
/mnt/store/data/assets/black-grouper/data/training/spec/all-wave-samples_snr-1-whole/call-10/clean/sample-13123.png,10
/mnt/store/data/assets/black-grouper/data/training/spec/all-wave-samples_snr-1-whole/call-10/clean/sample-12831.png,10
/mnt/store/data/assets/black-grouper/data/training/spec/all-wave-samples_snr-1-whole/call-10/clean/sample-13703.png,10
/mnt/store/data/assets/black-grouper/data/training/spec/all-wave-samples_snr-1-whole/call-10/clean/sample-12823.png,10
/mnt/store/data/assets/black-grouper/data/training/spec/all-wave-samples_snr-1-whole/call-10/clean/sample-12831.png,10
/mnt/store/data/assets/black-grouper/data/training/spec/all-wave-samples_snr-1-whole/call-10/clean/sample-14665.png,10
/mnt/store/data/assets/black-grouper/data/training/spec/all-wave-samples_snr-1-whole/call-10/clean/sample-12266.png,10
/mnt/store/data/assets/black-grouper/data/training/spec/all-wave-samples_snr-1-whole/call-10/clean/sample-20080.png,10
/mnt/store/data/assets/black-grouper/data/training/spec/all-wave-samples_snr-1-whole/call-10/clean/sample-17151.png,10
/mnt/store/data/assets/black-grouper/data/training/spec/all-wave-samples_snr-1-whole/call-10/clean/sample-20077.png,10
/mnt/store/data/assets/black-grouper/data/training/spec/all-wave-samples_snr-1-whole/call-10/clean/sample-13703.png,10
/mnt/store/data/assets/black-grouper/data/training/spec/all-wave-samples_snr-1-whole/call-10/clean/sample-14101.png,10
/mnt/store/data/assets/black-grouper/data/training/spec/all-wave-samples_snr-1-whole/call-10/clean/sample-12266.png,10
/mnt/store/data/assets/black-grouper/data/training/spec/all-wave-samples_snr-1-whole/call-10/clean/sample-20077.png,10
/mnt/store/data/assets/black-grouper/data/training/spec/all-wave-samples_snr-1-whole/call-10/clean/sample-12693.png,10
/mnt/store/data/assets/black-grouper/data/training/spec/all-wave-samples_snr-1-whole/call-10/clean/sample-12266.png,10
/mnt/store/data/assets/black-grouper/data/training/spec/all-wave-samples_snr-1-whole/call-10/clean/sample-12884.png,10
/mnt/store/data/assets/black-grouper/data/training/spec/all-wave-samples_snr-1-whole/call-10/clean/sample-13707.png,10
/mnt/store/data/assets/black-grouper/data/training/spec/all-wave-samples_snr-1-whole/call-10/clean/sample-12275.png,10
/mnt/store/data/assets/black-grouper/data/training/spec/all-wave-samples_snr-1-whole/call-10/clean/sample-12693.png,10
/mnt/store/data/assets/black-grouper/data/training/spec/all-wave-samples_snr-1-whole/call-10/clean/sample-14101.png,10
/mnt/store/data/assets/black-grouper/data/training/spec/all-wave-samples_snr-1-whole/call-10/clean/sample-12823.png,10
/mnt/store/data/assets/black-grouper/data/training/spec/all-wave-samples_snr-1-whole/call-10/clean/sample-14101.png,10
/mnt/store/data/assets/black-grouper/data/training/spec/all-wave-samples_snr-1-whole/call-10/clean/sample-12626.png,10
/mnt/store/data/assets/black-grouper/data/training/spec/all-wave-samples_snr-1-whole/call-10/clean/sample-12823.png,10
/mnt/store/data/assets/black-grouper/data/training/spec/all-wave-samples_snr-1-whole/call-10/clean/sample-12831.png,10
/mnt/store/data/assets/black-grouper/data/training/spec/all-wave-samples_snr-1-whole/call-10/clean/sample-20077.png,10
/mnt/store/data/assets/black-grouper/data/training/spec/all-wave-samples_snr-1-whole/call-10/clean/sample-12884.png,10
/mnt/store/data/assets/black-grouper/data/training/spec/all-wave-samples_snr-1-whole/call-10/clean/sample-13471.png,10
/mnt/store/data/assets/black-grouper/data/training/spec/all-wave-samples_snr-1-whole/call-10/clean/sample-12494.png,10
/mnt/store/data/assets/black-grouper/data/training/spec/all-wave-samples_snr-1-whole/call-10/clean/sample-12600.png,10
/mnt/store/data/assets/black-grouper/data/training/spec/all-wave-samples_snr-1-whole/call-10/clean/sample-12831.png,10
/mnt/store/data/assets/black-grouper/data/training/spec/all-wave-samples_snr-1-whole/call-10/clean/sample-13703.png,10
/mnt/store/data/assets/black-grouper/data/training/spec/all-wave-samples_snr-1-whole/call-10/clean/sample-13123.png,10
/mnt/store/data/assets/black-grouper/data/training/spec/all-wave-samples_snr-1-whole/call-10/clean/sample-12626.png,10
/mnt/store/data/assets/black-grouper/data/training/spec/all-wave-samples_snr-1-whole/call-10/clean/sample-12266.png,10
/mnt/store/data/assets/black-grouper/data/training/spec/all-wave-samples_snr-1-whole/call-17/clean/sample-17202.png,17
/mnt/store/data/assets/black-grouper/data/training/spec/all-wave-samples_snr-1-whole/call-17/clean/sample-17757.png,17
/mnt/store/data/assets/black-grouper/data/training/spec/all-wave-samples_snr-1-whole/call-17/clean/sample-17202.png,17
/mnt/store/data/assets/black-grouper/data/training/spec/all-wave-samples_snr-1-whole/call-17/clean/sample-17258.png,17
/mnt/store/data/assets/black-grouper/data/training/spec/all-wave-samples_snr-1-whole/call-17/clean/sample-18116.png,17
/mnt/store/data/assets/black-grouper/data/training/spec/all-wave-samples_snr-1-whole/call-17/clean/sample-17181.png,17
/mnt/store/data/assets/black-grouper/data/training/spec/all-wave-samples_snr-1-whole/call-17/clean/sample-17181.png,17
/mnt/store/data/assets/black-grouper/data/training/spec/all-wave-samples_snr-1-whole/call-17/clean/sample-17934.png,17
/mnt/store/data/assets/black-grouper/data/training/spec/all-wave-samples_snr-1-whole/call-17/clean/sample-17757.png,17
/mnt/store/data/assets/black-grouper/data/training/spec/all-wave-samples_snr-1-whole/call-17/clean/sample-17202.png,17
/mnt/store/data/assets/black-grouper/data/training/spec/all-wave-samples_snr-1-whole/call-17/clean/sample-17258.png,17
/mnt/store/data/assets/black-grouper/data/training/spec/all-wave-samples_snr-1-whole/call-17/clean/sample-17757.png,17
/mnt/store/data/assets/black-grouper/data/training/spec/all-wave-samples_snr-1-whole/call-17/clean/sample-17258.png,17
/mnt/store/data/assets/black-grouper/data/training/spec/all-wave-samples_snr-1-whole/call-17/clean/sample-17202.png,17
/mnt/store/data/assets/black-grouper/data/training/spec/all-wave-samples_snr-1-whole/call-17/clean/sample-17258.png,17
/mnt/store/data/assets/black-grouper/data/training/spec/all-wave-samples_snr-1-whole/call-17/clean/sample-17934.png,17
/mnt/store/data/assets/black-grouper/data/training/spec/all-wave-samples_snr-1-whole/call-17/clean/sample-17181.png,17
/mnt/store/data/assets/black-grouper/data/training/spec/all-wave-samples_snr-1-whole/call-17/clean/sample-17181.png,17
/mnt/store/data/assets/black-grouper/data/training/spec/all-wave-samples_snr-1-whole/call-17/clean/sample-18116.png,17
/mnt/store/data/assets/black-grouper/data/training/spec/all-wave-samples_snr-1-whole/call-17/clean/sample-17181.png,17
/mnt/store/data/assets/black-grouper/data/training/spec/all-wave-samples_snr-1-whole/call-17/clean/sample-17935.png,17
/mnt/store/data/assets/black-grouper/data/training/spec/all-wave-samples_snr-1-whole/call-17/clean/sample-17757.png,17
/mnt/store/data/assets/black-grouper/data/training/spec/all-wave-samples_snr-1-whole/call-17/clean/sample-17935.png,17
/mnt/store/data/assets/black-grouper/data/training/spec/all-wave-samples_snr-1-whole/call-17/clean/sample-17935.png,17
/mnt/store/data/assets/black-grouper/data/training/spec/all-wave-samples_snr-1-whole/call-17/clean/sample-17258.png,17
/mnt/store/data/assets/black-grouper/data/training/spec/all-wave-samples_snr-1-whole/call-17/clean/sample-18116.png,17
/mnt/store/data/assets/black-grouper/data/training/spec/all-wave-samples_snr-1-whole/call-17/clean/sample-17181.png,17
/mnt/store/data/assets/black-grouper/data/training/spec/all-wave-samples_snr-1-whole/call-17/clean/sample-17935.png,17
/mnt/store/data/assets/black-grouper/data/training/spec/all-wave-samples_snr-1-whole/call-17/clean/sample-17935.png,17
/mnt/store/data/assets/black-grouper/data/training/spec/all-wave-samples_snr-1-whole/call-17/clean/sample-17757.png,17
/mnt/store/data/assets/black-grouper/data/training/spec/all-wave-samples_snr-1-whole/call-17/clean/sample-17935.png,17
/mnt/store/data/assets/black-grouper/data/training/spec/all-wave-samples_snr-1-whole/call-17/clean/sample-17935.png,17
/mnt/store/data/assets/black-grouper/data/training/spec/all-wave-samples_snr-1-whole/call-17/clean/sample-17934.png,17
/mnt/store/data/assets/black-grouper/data/training/spec/all-wave-samples_snr-1-whole/call-17/clean/sample-17181.png,17
/mnt/store/data/assets/black-grouper/data/training/spec/all-wave-samples_snr-1-whole/call-17/clean/sample-17181.png,17
/mnt/store/data/assets/black-grouper/data/training/spec/all-wave-samples_snr-1-whole/call-17/clean/sample-17757.png,17
/mnt/store/data/assets/black-grouper/data/training/spec/all-wave-samples_snr-1-whole/call-17/clean/sample-17202.png,17
/mnt/store/data/assets/black-grouper/data/training/spec/all-wave-samples_snr-1-whole/call-17/clean/sample-17934.png,17
/mnt/store/data/assets/black-grouper/data/training/spec/all-wave-samples_snr-1-whole/call-17/clean/sample-17202.png,17
/mnt/store/data/assets/black-grouper/data/training/spec/all-wave-samples_snr-1-whole/call-17/clean/sample-17181.png,17
/mnt/store/data/assets/black-grouper/data/training/spec/all-wave-samples_snr-1-whole/call-17/clean/sample-17935.png,17
/mnt/store/data/assets/black-grouper/data/training/spec/all-wave-samples_snr-1-whole/call-17/clean/sample-17181.png,17
/mnt/store/data/assets/black-grouper/data/training/spec/all-wave-samples_snr-1-whole/call-17/clean/sample-17935.png,17
/mnt/store/data/assets/black-grouper/data/training/spec/all-wave-samples_snr-1-whole/call-17/clean/sample-18116.png,17
/mnt/store/data/assets/black-grouper/data/training/spec/all-wave-samples_snr-1-whole/call-17/clean/sample-17757.png,17
/mnt/store/data/assets/black-grouper/data/training/spec/all-wave-samples_snr-1-whole/call-17/clean/sample-17934.png,17
/mnt/store/data/assets/black-grouper/data/training/spec/all-wave-samples_snr-1-whole/call-17/clean/sample-17934.png,17
/mnt/store/data/assets/black-grouper/data/training/spec/all-wave-samples_snr-1-whole/call-17/clean/sample-17258.png,17
/mnt/store/data/assets/black-grouper/data/training/spec/all-wave-samples_snr-1-whole/call-17/clean/sample-17935.png,17
/mnt/store/data/assets/black-grouper/data/training/spec/all-wave-samples_snr-1-whole/call-17/clean/sample-17258.png,17
/mnt/store/data/assets/black-grouper/data/training/spec/all-wave-samples_snr-1-whole/call-18/clean/sample-17914.png,18
/mnt/store/data/assets/black-grouper/data/training/spec/all-wave-samples_snr-1-whole/call-18/clean/sample-17911.png,18
/mnt/store/data/assets/black-grouper/data/training/spec/all-wave-samples_snr-1-whole/call-18/clean/sample-17849.png,18
/mnt/store/data/assets/black-grouper/data/training/spec/all-wave-samples_snr-1-whole/call-18/clean/sample-17910.png,18
/mnt/store/data/assets/black-grouper/data/training/spec/all-wave-samples_snr-1-whole/call-18/clean/sample-17911.png,18
/mnt/store/data/assets/black-grouper/data/training/spec/all-wave-samples_snr-1-whole/call-18/clean/sample-17913.png,18
/mnt/store/data/assets/black-grouper/data/training/spec/all-wave-samples_snr-1-whole/call-18/clean/sample-17911.png,18
/mnt/store/data/assets/black-grouper/data/training/spec/all-wave-samples_snr-1-whole/call-18/clean/sample-18070.png,18
/mnt/store/data/assets/black-grouper/data/training/spec/all-wave-samples_snr-1-whole/call-18/clean/sample-17914.png,18
/mnt/store/data/assets/black-grouper/data/training/spec/all-wave-samples_snr-1-whole/call-18/clean/sample-17912.png,18
/mnt/store/data/assets/black-grouper/data/training/spec/all-wave-samples_snr-1-whole/call-18/clean/sample-18071.png,18
/mnt/store/data/assets/black-grouper/data/training/spec/all-wave-samples_snr-1-whole/call-18/clean/sample-17910.png,18
/mnt/store/data/assets/black-grouper/data/training/spec/all-wave-samples_snr-1-whole/call-18/clean/sample-17914.png,18
/mnt/store/data/assets/black-grouper/data/training/spec/all-wave-samples_snr-1-whole/call-18/clean/sample-17914.png,18
/mnt/store/data/assets/black-grouper/data/training/spec/all-wave-samples_snr-1-whole/call-18/clean/sample-17911.png,18
/mnt/store/data/assets/black-grouper/data/training/spec/all-wave-samples_snr-1-whole/call-18/clean/sample-17913.png,18
/mnt/store/data/assets/black-grouper/data/training/spec/all-wave-samples_snr-1-whole/call-18/clean/sample-17910.png,18
/mnt/store/data/assets/black-grouper/data/training/spec/all-wave-samples_snr-1-whole/call-18/clean/sample-17966.png,18
/mnt/store/data/assets/black-grouper/data/training/spec/all-wave-samples_snr-1-whole/call-18/clean/sample-17910.png,18
/mnt/store/data/assets/black-grouper/data/training/spec/all-wave-samples_snr-1-whole/call-18/clean/sample-18071.png,18
/mnt/store/data/assets/black-grouper/data/training/spec/all-wave-samples_snr-1-whole/call-18/clean/sample-17909.png,18
/mnt/store/data/assets/black-grouper/data/training/spec/all-wave-samples_snr-1-whole/call-18/clean/sample-17911.png,18
/mnt/store/data/assets/black-grouper/data/training/spec/all-wave-samples_snr-1-whole/call-18/clean/sample-17849.png,18
/mnt/store/data/assets/black-grouper/data/training/spec/all-wave-samples_snr-1-whole/call-18/clean/sample-18071.png,18
/mnt/store/data/assets/black-grouper/data/training/spec/all-wave-samples_snr-1-whole/call-18/clean/sample-17913.png,18
/mnt/store/data/assets/black-grouper/data/training/spec/all-wave-samples_snr-1-whole/call-18/clean/sample-17912.png,18
/mnt/store/data/assets/black-grouper/data/training/spec/all-wave-samples_snr-1-whole/call-18/clean/sample-18069.png,18
/mnt/store/data/assets/black-grouper/data/training/spec/all-wave-samples_snr-1-whole/call-18/clean/sample-17910.png,18
/mnt/store/data/assets/black-grouper/data/training/spec/all-wave-samples_snr-1-whole/call-18/clean/sample-18069.png,18
/mnt/store/data/assets/black-grouper/data/training/spec/all-wave-samples_snr-1-whole/call-18/clean/sample-17849.png,18
/mnt/store/data/assets/black-grouper/data/training/spec/all-wave-samples_snr-1-whole/call-18/clean/sample-17914.png,18
/mnt/store/data/assets/black-grouper/data/training/spec/all-wave-samples_snr-1-whole/call-18/clean/sample-17911.png,18
/mnt/store/data/assets/black-grouper/data/training/spec/all-wave-samples_snr-1-whole/call-18/clean/sample-17914.png,18
/mnt/store/data/assets/black-grouper/data/training/spec/all-wave-samples_snr-1-whole/call-18/clean/sample-17913.png,18
/mnt/store/data/assets/black-grouper/data/training/spec/all-wave-samples_snr-1-whole/call-18/clean/sample-17966.png,18
/mnt/store/data/assets/black-grouper/data/training/spec/all-wave-samples_snr-1-whole/call-18/clean/sample-18071.png,18
/mnt/store/data/assets/black-grouper/data/training/spec/all-wave-samples_snr-1-whole/call-18/clean/sample-17849.png,18
/mnt/store/data/assets/black-grouper/data/training/spec/all-wave-samples_snr-1-whole/call-18/clean/sample-17849.png,18
/mnt/store/data/assets/black-grouper/data/training/spec/all-wave-samples_snr-1-whole/call-18/clean/sample-18070.png,18
/mnt/store/data/assets/black-grouper/data/training/spec/all-wave-samples_snr-1-whole/call-18/clean/sample-18070.png,18
/mnt/store/data/assets/black-grouper/data/training/spec/all-wave-samples_snr-1-whole/call-18/clean/sample-17966.png,18
/mnt/store/data/assets/black-grouper/data/training/spec/all-wave-samples_snr-1-whole/call-18/clean/sample-17913.png,18
/mnt/store/data/assets/black-grouper/data/training/spec/all-wave-samples_snr-1-whole/call-18/clean/sample-17912.png,18
/mnt/store/data/assets/black-grouper/data/training/spec/all-wave-samples_snr-1-whole/call-18/clean/sample-17909.png,18
/mnt/store/data/assets/black-grouper/data/training/spec/all-wave-samples_snr-1-whole/call-18/clean/sample-17966.png,18
/mnt/store/data/assets/black-grouper/data/training/spec/all-wave-samples_snr-1-whole/call-18/clean/sample-17910.png,18
/mnt/store/data/assets/black-grouper/data/training/spec/all-wave-samples_snr-1-whole/call-18/clean/sample-17912.png,18
/mnt/store/data/assets/black-grouper/data/training/spec/all-wave-samples_snr-1-whole/call-18/clean/sample-17914.png,18
/mnt/store/data/assets/black-grouper/data/training/spec/all-wave-samples_snr-1-whole/call-18/clean/sample-17912.png,18
/mnt/store/data/assets/black-grouper/data/training/spec/all-wave-samples_snr-1-whole/call-18/clean/sample-17914.png,18
/mnt/store/data/assets/black-grouper/data/training/spec/all-wave-samples_snr-1-whole/call-19/clean/sample-17649.png,19
/mnt/store/data/assets/black-grouper/data/training/spec/all-wave-samples_snr-1-whole/call-19/clean/sample-17782.png,19
/mnt/store/data/assets/black-grouper/data/training/spec/all-wave-samples_snr-1-whole/call-19/clean/sample-14102.png,19
/mnt/store/data/assets/black-grouper/data/training/spec/all-wave-samples_snr-1-whole/call-19/clean/sample-12388.png,19
/mnt/store/data/assets/black-grouper/data/training/spec/all-wave-samples_snr-1-whole/call-19/clean/sample-17848.png,19
/mnt/store/data/assets/black-grouper/data/training/spec/all-wave-samples_snr-1-whole/call-19/clean/sample-18246.png,19
/mnt/store/data/assets/black-grouper/data/training/spec/all-wave-samples_snr-1-whole/call-19/clean/sample-18246.png,19
/mnt/store/data/assets/black-grouper/data/training/spec/all-wave-samples_snr-1-whole/call-19/clean/sample-17284.png,19
/mnt/store/data/assets/black-grouper/data/training/spec/all-wave-samples_snr-1-whole/call-19/clean/sample-16211.png,19
/mnt/store/data/assets/black-grouper/data/training/spec/all-wave-samples_snr-1-whole/call-19/clean/sample-17886.png,19
/mnt/store/data/assets/black-grouper/data/training/spec/all-wave-samples_snr-1-whole/call-19/clean/sample-17284.png,19
/mnt/store/data/assets/black-grouper/data/training/spec/all-wave-samples_snr-1-whole/call-19/clean/sample-17649.png,19
/mnt/store/data/assets/black-grouper/data/training/spec/all-wave-samples_snr-1-whole/call-19/clean/sample-17648.png,19
/mnt/store/data/assets/black-grouper/data/training/spec/all-wave-samples_snr-1-whole/call-19/clean/sample-12388.png,19
/mnt/store/data/assets/black-grouper/data/training/spec/all-wave-samples_snr-1-whole/call-19/clean/sample-14102.png,19
/mnt/store/data/assets/black-grouper/data/training/spec/all-wave-samples_snr-1-whole/call-19/clean/sample-17848.png,19
/mnt/store/data/assets/black-grouper/data/training/spec/all-wave-samples_snr-1-whole/call-19/clean/sample-17917.png,19
/mnt/store/data/assets/black-grouper/data/training/spec/all-wave-samples_snr-1-whole/call-19/clean/sample-12388.png,19
/mnt/store/data/assets/black-grouper/data/training/spec/all-wave-samples_snr-1-whole/call-19/clean/sample-14102.png,19
/mnt/store/data/assets/black-grouper/data/training/spec/all-wave-samples_snr-1-whole/call-19/clean/sample-17649.png,19
/mnt/store/data/assets/black-grouper/data/training/spec/all-wave-samples_snr-1-whole/call-19/clean/sample-17917.png,19
/mnt/store/data/assets/black-grouper/data/training/spec/all-wave-samples_snr-1-whole/call-19/clean/sample-18246.png,19
/mnt/store/data/assets/black-grouper/data/training/spec/all-wave-samples_snr-1-whole/call-19/clean/sample-17917.png,19
/mnt/store/data/assets/black-grouper/data/training/spec/all-wave-samples_snr-1-whole/call-19/clean/sample-17924.png,19
/mnt/store/data/assets/black-grouper/data/training/spec/all-wave-samples_snr-1-whole/call-19/clean/sample-18191.png,19
/mnt/store/data/assets/black-grouper/data/training/spec/all-wave-samples_snr-1-whole/call-19/clean/sample-17648.png,19
/mnt/store/data/assets/black-grouper/data/training/spec/all-wave-samples_snr-1-whole/call-19/clean/sample-14102.png,19
/mnt/store/data/assets/black-grouper/data/training/spec/all-wave-samples_snr-1-whole/call-19/clean/sample-14102.png,19
/mnt/store/data/assets/black-grouper/data/training/spec/all-wave-samples_snr-1-whole/call-19/clean/sample-17846.png,19
/mnt/store/data/assets/black-grouper/data/training/spec/all-wave-samples_snr-1-whole/call-19/clean/sample-18246.png,19
/mnt/store/data/assets/black-grouper/data/training/spec/all-wave-samples_snr-1-whole/call-19/clean/sample-14102.png,19
/mnt/store/data/assets/black-grouper/data/training/spec/all-wave-samples_snr-1-whole/call-19/clean/sample-17284.png,19
/mnt/store/data/assets/black-grouper/data/training/spec/all-wave-samples_snr-1-whole/call-19/clean/sample-17848.png,19
/mnt/store/data/assets/black-grouper/data/training/spec/all-wave-samples_snr-1-whole/call-19/clean/sample-17846.png,19
/mnt/store/data/assets/black-grouper/data/training/spec/all-wave-samples_snr-1-whole/call-19/clean/sample-17726.png,19
/mnt/store/data/assets/black-grouper/data/training/spec/all-wave-samples_snr-1-whole/call-19/clean/sample-17284.png,19
/mnt/store/data/assets/black-grouper/data/training/spec/all-wave-samples_snr-1-whole/call-19/clean/sample-18246.png,19
/mnt/store/data/assets/black-grouper/data/training/spec/all-wave-samples_snr-1-whole/call-19/clean/sample-17846.png,19
/mnt/store/data/assets/black-grouper/data/training/spec/all-wave-samples_snr-1-whole/call-19/clean/sample-17886.png,19
/mnt/store/data/assets/black-grouper/data/training/spec/all-wave-samples_snr-1-whole/call-19/clean/sample-16211.png,19
/mnt/store/data/assets/black-grouper/data/training/spec/all-wave-samples_snr-1-whole/call-19/clean/sample-17917.png,19
/mnt/store/data/assets/black-grouper/data/training/spec/all-wave-samples_snr-1-whole/call-19/clean/sample-17726.png,19
/mnt/store/data/assets/black-grouper/data/training/spec/all-wave-samples_snr-1-whole/call-19/clean/sample-17648.png,19
/mnt/store/data/assets/black-grouper/data/training/spec/all-wave-samples_snr-1-whole/call-19/clean/sample-17924.png,19
/mnt/store/data/assets/black-grouper/data/training/spec/all-wave-samples_snr-1-whole/call-19/clean/sample-18191.png,19
/mnt/store/data/assets/black-grouper/data/training/spec/all-wave-samples_snr-1-whole/call-19/clean/sample-18246.png,19
/mnt/store/data/assets/black-grouper/data/training/spec/all-wave-samples_snr-1-whole/call-19/clean/sample-17917.png,19
/mnt/store/data/assets/black-grouper/data/training/spec/all-wave-samples_snr-1-whole/call-19/clean/sample-17886.png,19
/mnt/store/data/assets/black-grouper/data/training/spec/all-wave-samples_snr-1-whole/call-19/clean/sample-17726.png,19
/mnt/store/data/assets/black-grouper/data/training/spec/all-wave-samples_snr-1-whole/call-19/clean/sample-17739.png,19
/mnt/store/data/assets/black-grouper/data/training/spec/all-wave-samples_snr-1-whole/call-25/clean/sample-7263.png,25
/mnt/store/data/assets/black-grouper/data/training/spec/all-wave-samples_snr-1-whole/call-25/clean/sample-3987.png,25
/mnt/store/data/assets/black-grouper/data/training/spec/all-wave-samples_snr-1-whole/call-25/clean/sample-6438.png,25
/mnt/store/data/assets/black-grouper/data/training/spec/all-wave-samples_snr-1-whole/call-25/clean/sample-8679.png,25
/mnt/store/data/assets/black-grouper/data/training/spec/all-wave-samples_snr-1-whole/call-25/clean/sample-8844.png,25
/mnt/store/data/assets/black-grouper/data/training/spec/all-wave-samples_snr-1-whole/call-25/clean/sample-6128.png,25
/mnt/store/data/assets/black-grouper/data/training/spec/all-wave-samples_snr-1-whole/call-25/clean/sample-8964.png,25
/mnt/store/data/assets/black-grouper/data/training/spec/all-wave-samples_snr-1-whole/call-25/clean/sample-9182.png,25
/mnt/store/data/assets/black-grouper/data/training/spec/all-wave-samples_snr-1-whole/call-25/clean/sample-7857.png,25
/mnt/store/data/assets/black-grouper/data/training/spec/all-wave-samples_snr-1-whole/call-25/clean/sample-9282.png,25
/mnt/store/data/assets/black-grouper/data/training/spec/all-wave-samples_snr-1-whole/call-25/clean/sample-9091.png,25
/mnt/store/data/assets/black-grouper/data/training/spec/all-wave-samples_snr-1-whole/call-25/clean/sample-6363.png,25
/mnt/store/data/assets/black-grouper/data/training/spec/all-wave-samples_snr-1-whole/call-25/clean/sample-4777.png,25
/mnt/store/data/assets/black-grouper/data/training/spec/all-wave-samples_snr-1-whole/call-25/clean/sample-7790.png,25
/mnt/store/data/assets/black-grouper/data/training/spec/all-wave-samples_snr-1-whole/call-25/clean/sample-4770.png,25
/mnt/store/data/assets/black-grouper/data/training/spec/all-wave-samples_snr-1-whole/call-25/clean/sample-4450.png,25
/mnt/store/data/assets/black-grouper/data/training/spec/all-wave-samples_snr-1-whole/call-25/clean/sample-4518.png,25
/mnt/store/data/assets/black-grouper/data/training/spec/all-wave-samples_snr-1-whole/call-25/clean/sample-4977.png,25
/mnt/store/data/assets/black-grouper/data/training/spec/all-wave-samples_snr-1-whole/call-25/clean/sample-8392.png,25
/mnt/store/data/assets/black-grouper/data/training/spec/all-wave-samples_snr-1-whole/call-25/clean/sample-4096.png,25
/mnt/store/data/assets/black-grouper/data/training/spec/all-wave-samples_snr-1-whole/call-25/clean/sample-10311.png,25
/mnt/store/data/assets/black-grouper/data/training/spec/all-wave-samples_snr-1-whole/call-25/clean/sample-7712.png,25
/mnt/store/data/assets/black-grouper/data/training/spec/all-wave-samples_snr-1-whole/call-25/clean/sample-8171.png,25
/mnt/store/data/assets/black-grouper/data/training/spec/all-wave-samples_snr-1-whole/call-25/clean/sample-10346.png,25
/mnt/store/data/assets/black-grouper/data/training/spec/all-wave-samples_snr-1-whole/call-25/clean/sample-8159.png,25
/mnt/store/data/assets/black-grouper/data/training/spec/all-wave-samples_snr-1-whole/call-25/clean/sample-9654.png,25
/mnt/store/data/assets/black-grouper/data/training/spec/all-wave-samples_snr-1-whole/call-25/clean/sample-5886.png,25
/mnt/store/data/assets/black-grouper/data/training/spec/all-wave-samples_snr-1-whole/call-25/clean/sample-4414.png,25
/mnt/store/data/assets/black-grouper/data/training/spec/all-wave-samples_snr-1-whole/call-25/clean/sample-8345.png,25
/mnt/store/data/assets/black-grouper/data/training/spec/all-wave-samples_snr-1-whole/call-25/clean/sample-5110.png,25
/mnt/store/data/assets/black-grouper/data/training/spec/all-wave-samples_snr-1-whole/call-25/clean/sample-8555.png,25
/mnt/store/data/assets/black-grouper/data/training/spec/all-wave-samples_snr-1-whole/call-25/clean/sample-9105.png,25
/mnt/store/data/assets/black-grouper/data/training/spec/all-wave-samples_snr-1-whole/call-25/clean/sample-4412.png,25
/mnt/store/data/assets/black-grouper/data/training/spec/all-wave-samples_snr-1-whole/call-25/clean/sample-9344.png,25
/mnt/store/data/assets/black-grouper/data/training/spec/all-wave-samples_snr-1-whole/call-25/clean/sample-4900.png,25
/mnt/store/data/assets/black-grouper/data/training/spec/all-wave-samples_snr-1-whole/call-25/clean/sample-4738.png,25
/mnt/store/data/assets/black-grouper/data/training/spec/all-wave-samples_snr-1-whole/call-25/clean/sample-7713.png,25
/mnt/store/data/assets/black-grouper/data/training/spec/all-wave-samples_snr-1-whole/call-25/clean/sample-9242.png,25
/mnt/store/data/assets/black-grouper/data/training/spec/all-wave-samples_snr-1-whole/call-25/clean/sample-3992.png,25
/mnt/store/data/assets/black-grouper/data/training/spec/all-wave-samples_snr-1-whole/call-25/clean/sample-5826.png,25
/mnt/store/data/assets/black-grouper/data/training/spec/all-wave-samples_snr-1-whole/call-25/clean/sample-4031.png,25
/mnt/store/data/assets/black-grouper/data/training/spec/all-wave-samples_snr-1-whole/call-25/clean/sample-7666.png,25
/mnt/store/data/assets/black-grouper/data/training/spec/all-wave-samples_snr-1-whole/call-25/clean/sample-7893.png,25
/mnt/store/data/assets/black-grouper/data/training/spec/all-wave-samples_snr-1-whole/call-25/clean/sample-6393.png,25
/mnt/store/data/assets/black-grouper/data/training/spec/all-wave-samples_snr-1-whole/call-25/clean/sample-9727.png,25
/mnt/store/data/assets/black-grouper/data/training/spec/all-wave-samples_snr-1-whole/call-25/clean/sample-4846.png,25
/mnt/store/data/assets/black-grouper/data/training/spec/all-wave-samples_snr-1-whole/call-25/clean/sample-8263.png,25
/mnt/store/data/assets/black-grouper/data/training/spec/all-wave-samples_snr-1-whole/call-25/clean/sample-8225.png,25
/mnt/store/data/assets/black-grouper/data/training/spec/all-wave-samples_snr-1-whole/call-25/clean/sample-4501.png,25
/mnt/store/data/assets/black-grouper/data/training/spec/all-wave-samples_snr-1-whole/call-25/clean/sample-8446.png,25
/mnt/store/data/assets/black-grouper/data/training/spec/all-wave-samples_snr-1-whole/call-27/clean/sample-8276.png,27
/mnt/store/data/assets/black-grouper/data/training/spec/all-wave-samples_snr-1-whole/call-27/clean/sample-8620.png,27
/mnt/store/data/assets/black-grouper/data/training/spec/all-wave-samples_snr-1-whole/call-27/clean/sample-4036.png,27
/mnt/store/data/assets/black-grouper/data/training/spec/all-wave-samples_snr-1-whole/call-27/clean/sample-4036.png,27
/mnt/store/data/assets/black-grouper/data/training/spec/all-wave-samples_snr-1-whole/call-27/clean/sample-4100.png,27
/mnt/store/data/assets/black-grouper/data/training/spec/all-wave-samples_snr-1-whole/call-27/clean/sample-8620.png,27
/mnt/store/data/assets/black-grouper/data/training/spec/all-wave-samples_snr-1-whole/call-27/clean/sample-4036.png,27
/mnt/store/data/assets/black-grouper/data/training/spec/all-wave-samples_snr-1-whole/call-27/clean/sample-8276.png,27
/mnt/store/data/assets/black-grouper/data/training/spec/all-wave-samples_snr-1-whole/call-27/clean/sample-8276.png,27
/mnt/store/data/assets/black-grouper/data/training/spec/all-wave-samples_snr-1-whole/call-27/clean/sample-8276.png,27
/mnt/store/data/assets/black-grouper/data/training/spec/all-wave-samples_snr-1-whole/call-27/clean/sample-4100.png,27
/mnt/store/data/assets/black-grouper/data/training/spec/all-wave-samples_snr-1-whole/call-27/clean/sample-8276.png,27
/mnt/store/data/assets/black-grouper/data/training/spec/all-wave-samples_snr-1-whole/call-27/clean/sample-4036.png,27
/mnt/store/data/assets/black-grouper/data/training/spec/all-wave-samples_snr-1-whole/call-27/clean/sample-4036.png,27
/mnt/store/data/assets/black-grouper/data/training/spec/all-wave-samples_snr-1-whole/call-27/clean/sample-8276.png,27
/mnt/store/data/assets/black-grouper/data/training/spec/all-wave-samples_snr-1-whole/call-27/clean/sample-4036.png,27
/mnt/store/data/assets/black-grouper/data/training/spec/all-wave-samples_snr-1-whole/call-27/clean/sample-4036.png,27
/mnt/store/data/assets/black-grouper/data/training/spec/all-wave-samples_snr-1-whole/call-27/clean/sample-8620.png,27
/mnt/store/data/assets/black-grouper/data/training/spec/all-wave-samples_snr-1-whole/call-27/clean/sample-4036.png,27
/mnt/store/data/assets/black-grouper/data/training/spec/all-wave-samples_snr-1-whole/call-27/clean/sample-8620.png,27
/mnt/store/data/assets/black-grouper/data/training/spec/all-wave-samples_snr-1-whole/call-27/clean/sample-8276.png,27
/mnt/store/data/assets/black-grouper/data/training/spec/all-wave-samples_snr-1-whole/call-27/clean/sample-4100.png,27
/mnt/store/data/assets/black-grouper/data/training/spec/all-wave-samples_snr-1-whole/call-27/clean/sample-4036.png,27
/mnt/store/data/assets/black-grouper/data/training/spec/all-wave-samples_snr-1-whole/call-27/clean/sample-4036.png,27
/mnt/store/data/assets/black-grouper/data/training/spec/all-wave-samples_snr-1-whole/call-27/clean/sample-8276.png,27
/mnt/store/data/assets/black-grouper/data/training/spec/all-wave-samples_snr-1-whole/call-27/clean/sample-8620.png,27
/mnt/store/data/assets/black-grouper/data/training/spec/all-wave-samples_snr-1-whole/call-27/clean/sample-8276.png,27
/mnt/store/data/assets/black-grouper/data/training/spec/all-wave-samples_snr-1-whole/call-27/clean/sample-4100.png,27
/mnt/store/data/assets/black-grouper/data/training/spec/all-wave-samples_snr-1-whole/call-27/clean/sample-4100.png,27
/mnt/store/data/assets/black-grouper/data/training/spec/all-wave-samples_snr-1-whole/call-27/clean/sample-8620.png,27
/mnt/store/data/assets/black-grouper/data/training/spec/all-wave-samples_snr-1-whole/call-27/clean/sample-4100.png,27
/mnt/store/data/assets/black-grouper/data/training/spec/all-wave-samples_snr-1-whole/call-27/clean/sample-8276.png,27
/mnt/store/data/assets/black-grouper/data/training/spec/all-wave-samples_snr-1-whole/call-27/clean/sample-4036.png,27
/mnt/store/data/assets/black-grouper/data/training/spec/all-wave-samples_snr-1-whole/call-27/clean/sample-4100.png,27
/mnt/store/data/assets/black-grouper/data/training/spec/all-wave-samples_snr-1-whole/call-27/clean/sample-4100.png,27
/mnt/store/data/assets/black-grouper/data/training/spec/all-wave-samples_snr-1-whole/call-27/clean/sample-4100.png,27
/mnt/store/data/assets/black-grouper/data/training/spec/all-wave-samples_snr-1-whole/call-27/clean/sample-4036.png,27
/mnt/store/data/assets/black-grouper/data/training/spec/all-wave-samples_snr-1-whole/call-27/clean/sample-4100.png,27
/mnt/store/data/assets/black-grouper/data/training/spec/all-wave-samples_snr-1-whole/call-27/clean/sample-4036.png,27
/mnt/store/data/assets/black-grouper/data/training/spec/all-wave-samples_snr-1-whole/call-27/clean/sample-4036.png,27
/mnt/store/data/assets/black-grouper/data/training/spec/all-wave-samples_snr-1-whole/call-27/clean/sample-8276.png,27
/mnt/store/data/assets/black-grouper/data/training/spec/all-wave-samples_snr-1-whole/call-27/clean/sample-8276.png,27
/mnt/store/data/assets/black-grouper/data/training/spec/all-wave-samples_snr-1-whole/call-27/clean/sample-8620.png,27
/mnt/store/data/assets/black-grouper/data/training/spec/all-wave-samples_snr-1-whole/call-27/clean/sample-4036.png,27
/mnt/store/data/assets/black-grouper/data/training/spec/all-wave-samples_snr-1-whole/call-27/clean/sample-4100.png,27
/mnt/store/data/assets/black-grouper/data/training/spec/all-wave-samples_snr-1-whole/call-27/clean/sample-8620.png,27
/mnt/store/data/assets/black-grouper/data/training/spec/all-wave-samples_snr-1-whole/call-27/clean/sample-4100.png,27
/mnt/store/data/assets/black-grouper/data/training/spec/all-wave-samples_snr-1-whole/call-27/clean/sample-4036.png,27
/mnt/store/data/assets/black-grouper/data/training/spec/all-wave-samples_snr-1-whole/call-27/clean/sample-4100.png,27
/mnt/store/data/assets/black-grouper/data/training/spec/all-wave-samples_snr-1-whole/call-27/clean/sample-8620.png,27
